{"cb_person_cred_hist_length": {"x": 584.6000366210938, "y": 562.8500061035156}, "cb_person_default_on_file": {"x": 836.9166870117188, "y": 1156.2500305175781}, "loan_grade": {"x": 552.8833618164062, "y": 1394.1833190917969}, "loan_int_rate": {"x": 47.85000228881836, "y": 1735.2000122070312}, "loan_intent": {"x": 139.92498779296875, "y": 1040.9686889648438}, "person_age": {"x": 936.86669921875, "y": 126.83334350585938}, "person_emp_length": {"x": 1293.537353515625, "y": 456.9374694824219}, "loan_amnt": {"x": 1293.5666809082031, "y": 1312.5166778564453}, "person_income": {"x": 1642.800048828125, "y": 763.3166809082031}, "loan_percent_income": {"x": 1502.8834228515625, "y": 1748.2833862304688}, "loan_status": {"x": 951.6333618164062, "y": 1838.2833862304688}, "person_home_ownership": {"x": 1098.86669921875, "y": 854.9500122070312}}